﻿<?xml version="1.0" encoding="UTF-8"?>
<style width="421" height="610" savename="{{cardname}}">
	<styleinfo>
		<name>yugioh-9-cn</name>
		<desc>游戏王第九期</desc>
		<author>菜菜</author>
		<version>20160223</version>
		<app-version>1</app-version>
		<icon>icon.png</icon>
		<url>yugioh-9.zip</url>
	</styleinfo>

	<data name="image_type" default=""  desc="图片类型" >
		<item name="默认" value="" />
		<item name="无边框" value="noframe" />
		<item name="透明卡" value="full" />
	</data>
	<data name="cardattr" default="none" desc="属性" >
		<item name="无" value="none" />
		<item name="暗" value="dark" />
		<item name="神" value="divine" />
		<item name="地" value="earth" />
		<item name="炎" value="fire" />
		<item name="光" value="light" />
		<item name="水" value="water" />
		<item name="风" value="wind" />
		<item name="魔法" value="spell" />
		<item name="陷阱" value="trap" />
	</data>
	<data name="cardtype" default="normal" desc="卡片类型" >
		<item name="无" value="none" />
		<item name="通常" value="normal" />
		<item name="效果" value="effect" />
		<item name="融合" value="fusion" />
		<item name="仪式" value="ritual" />
		<item name="同调" value="synchro" />
		<item name="衍生物" value="token" />
		<item name="超量" value="xyz" />
		<item name="魔法" value="spell" />
		<item name="陷阱" value="trap" />
	</data>
	<data name="cardname" desc="卡片名称" type="text" default="点击输入卡片名称" />
	<data name="cardcode" desc="卡片密码" type="text"  default="00000000" />
	<data name="cardtext" desc="效果文本" type="text"  default="点击输入效果文本" />
	<data name="cardptext" desc="P效果文本" type="text" default="点击输入P效果文本" />
	<data name="cardpleft" desc="P蓝刻度"  type="text" default="0"  />
	<data name="cardpright" desc="P红刻度" type="text"  default="0"  />
	<data name="edition" desc="标注"  type="text" default="" />
	<data name="cardnum" desc="卡包编号"  type="text" default="DT01-CN001" />
	<data name="cardatk"  desc="攻击力" type="text" default="0"  />
	<data name="carddef"  desc="防御力" type="text" default="0"  />
	<data name="cardlevel" desc="卡片等级/阶级" type="text" default="0" />
	<data name="cardcode_image" desc="中间图" type="image"  default="{{cardcode}}.png" />
	
	<data name="pimagetype" default=""  desc="摇摆怪图片类型">
		<item name="默认" value="" />
		<item name="长方形" value="rect" />
	</data>
	<data name="cardcopy" default=""  desc="版权图片">
		<item name="默认" value="" />
		<item name="英文" value="enCopyriht" />
		<item name="日文" value="jpCopyriht" />
	</data>
	<data name="cardborder" default=""  desc="边框颜色">
		<item name="默认" value="" />
		<item name="金色边框" value="gold" />
	</data>
	<data name="namecolor" default=""  desc="卡名颜色">
		<item name="默认" value="" />
		<item name="银字" value="#E6E6E6" />
		<item name="金字" value="#D8C735" />
		<item name="红字" value="#3C0000" />
		<item name="白字" value="#FFFFFF" />
		<item name="黑字" value="#000000" />
	</data>
	<data name="cardrare" default="none" desc="镀膜类型">
		<item name="默认" value="none" />
		<item name="面闪" value="superfoil" />
		<item name="纹理" value="secretfoil" />
		<item name="竖纹" value="parallelfoil" />
		<item name="十字碎点" value="mosaicfoil" />
		<item name="星碎" value="starfoil" />
		<item name="螺旋纹" value="ultimatefoil" />
	</data>
	<data name="rare_type" default=""  desc="镀膜大小">
		<item name="无" value="" />
		<item name="中间图" value="middle" />
		<item name="全图" value="full" />
	</data>
	<data name="corner" default="none"  desc="防伪标志" >
		<item name="无" value="none" />
		<item name="默认" value="cornerdefault" />
		<item name="金色" value="cornerfirst" />
		<item name="银色" value="cornerunlimited" />
	</data>
	<data name="pendulum" default="none"  desc="摇摆类型">
		<item name="无" value="none" />
		<item name="大" value="big" />
		<item name="中" value="normal" />
		<item name="小" value="small" />
	</data>
	<data name="stmark" default=""  desc="魔法陷阱标识" >
		<item name="无" value="" />
		<item name="通常魔法" value="normalspell" />
		<item name="通常陷阱" value="normaltrap" />
		<item name="速攻魔法" value="quickspell" />
		<item name="仪式魔法" value="ritualspell" />
		<item name="永续魔法" value="continuousspell" />
		<item name="装备魔法" value="equipspell" />
		<item name="场地魔法" value="fieldspell" />
		<item name="反击陷阱" value="countertrap" />
		<item name="永续陷阱" value="continuoustrap" />
	</data>
	<data name="race" desc="种族" default="" hide="true">
		<item value=""/>
		<item value="战士族"/>
		<item value="魔法师族"/>
		<item value="天使族"/>
		<item value="恶魔族"/>
		<item value="不死族"/>
		<item value="机械族"/>
		<item value="水族"/>
		<item value="炎族"/>
		<item value="岩石族"/>
		<item value="鸟兽族"/>
		<item value="植物族"/>
		<item value="昆虫族"/>
		<item value="雷族"/>
		<item value="龙族"/>
		<item value="兽族"/>
		<item value="兽战士族"/>
		<item value="恐龙族"/>
		<item value="鱼族"/>
		<item value="海龙族"/>
		<item value="爬虫类族"/>
		<item value="念动力族"/>
		<item value="幻神兽族"/>
		<item value="创造神族"/>
		<item value="幻龙族"/>
	</data>
	<data name="effect" desc="效果类型" default="" hide="true">
		<item value=""/>
		<item value="同调"/>
		<item value="超量"/>
		<item value="融合"/>
		<item value="仪式"/>
		<item value="效果"/>
		<item value="调整"/>
		<item value="灵魂"/>
		<item value="卡通"/>
		<item value="二重"/>
		<item value="同盟"/>
		<item value="灵摆"/>
		<item value="反转"/>
		<item value="黑暗同调"/>
		<item value="黑暗调整"/>
		<item value="特殊召唤"/>
		<item value="衍生物"/>
	</data>
	<data name="cardmonster" desc="种族/效果类型" type="multi_select" >
		<item name="race" 		value="race"   />
		<item name="effect1"	value="effect" />
		<item name="effect2" 	value="effect" />
		<item name="effect3" 	value="effect" />
	</data>
	<data name="cardfoil" desc="罕贵度" type="multi_select" >
		<item name="cardrare" 	value="cardrare"	/>
		<item name="rare_type" 	value="rare_type"	/>
		<item name="cardborder" value="cardborder"	/>
		<item name="corner" 	value="corner"		/>
		<item name="cardcopy" 	value="cardcopy" />
	</data>
	<data name="cardbg" desc="样式设置" type="multi_select" >
		<item name="cardtype" 	value="cardtype"	/>
		<item name="image_type" value="image_type"	/>
		<item name="pendulum" 	value="pendulum"	/>
		<item name="pimagetype" value="pimagetype"	/>
		<item name="namecolor" 	value="namecolor"	/>
	</data>
	<bool name="cardborder_is_gold" value="'{{cardborder}}' == 'gold'"/>
	<bool name="is_pendulum" 		value="'{{pendulum}}' == 'big' or '{{pendulum}}' == 'normal' or '{{pendulum}}' == 'small'"/>
	<bool name="image_is_normal" 	value="'{{image_type}}' == ''"/>
	<bool name="image_is_noframe" 	value="'{{image_type}}' == 'noframe'"/>
	<bool name="image_is_full" 		value="'{{image_type}}' == 'full'"/>
	<bool name="pimage_is_normal" 	value="'{{pimagetype}}' != 'rect'"/>
	<bool name="pimage_is_rect" 	value="'{{pimagetype}}' == 'rect'"/>
	<bool name="pendulum_is_normal" value="'{{pendulum}}' == 'normal'"/>
	<bool name="pendulum_is_big" 	value="'{{pendulum}}' == 'big'"/>
	<bool name="pendulum_is_small" 	value="'{{pendulum}}' == 'small'"/>
	<bool name="pendulum_nots_big" 	value="{{pendulum_is_small}} or {{pendulum_is_normal}}"/>
	<bool name="pendulum_nots_small"value="{{pendulum_is_normal}} or {{pendulum_is_big}}"/>
	<bool name="is_spelltrap" 		value="'{{cardtype}}' == 'spell' or '{{cardtype}}' == 'trap'" />
	<bool name="rare_type_is_normal"value="'{{rare_type}}' == ''"/>
	<bool name="rare_type_is_middle"value="'{{rare_type}}' == 'middle'"/>
	<bool name="rare_type_is_full" 	value="'{{rare_type}}' == 'full'"/>
	<bool name="card_is_syz" 		value="'{{cardtype}}' == 'xyz'"/>
	<bool name="card_name_is_white" value="{{is_spelltrap}} or {{card_is_syz}}"/>
	<bool name="card_is_black" 		value="{{card_is_syz}}"/>
	<bool name="has_name_color" 	value="'{{namecolor}}' != ''"/>
	
	<layout>
		<size left="0" top="0" width="421" height="610"/>
		<image index="-1" click="cardbg">
			<size left="0" top="0" width="421" height="610"/>
			<src>bg/card-{{cardtype}}.png</src>
		</image>
		<!-- 黄金边框 -->
		<image index="2">
			<size left="0" top="0" width="421" height="610"/>
			<src>foil/border.png</src>
			<visible>{{cardborder_is_gold}}</visible>
		</image>
		<!-- 摇摆背景 -->
		<image index="-1">
			<size left="13.5" top="272" width="394" height="325"/>
			<src>pendulum/pendulum.png</src>
			<visible>{{is_pendulum}}</visible>
		</image>
		<!-- 摇摆背景 -->
		<image index="-1">
			<size left="20" top="89" width="381" height="17"/>
			<src>pendulum/line-{{cardtype}}.png</src>
			<visible>{{is_pendulum}}</visible>
		</image>
		<!-- P怪中间背景图白色 -->
		<image index="-1" background="#ffffff">
			<size left="30" top="106" width="363" height="360"/>
			<visible>{{is_pendulum}} and {{pimage_is_rect}}</visible>
		</image>
		<!-- 中间图-->
		<image index="-1" click="cardcode_image" background="#ffffff">
			<size when="{{pimage_is_normal}} and {{pendulum_nots_big}}" 
				left="29.5" top="105.5" width="363" height="345"/>
			<size when="{{pimage_is_normal}} and {{pendulum_is_big}}" 
				left="29.5" top="105.5" width="363" height="360"/>
			<size when="{{pimage_is_rect}} and {{pendulum_nots_small}}" 
				left="29.5" top="105.5" width="363" height="275"/>
			<size when="{{pimage_is_rect}} and {{pendulum_is_small}}" 
				left="29.5" top="105.5" width="363" height="298"/>
			<size when="{{image_is_noframe}}" 
				left="41" top="103" width="339" height="334"/>
			<size when="{{image_is_full}}" 
				left="14" top="14" width="393" height="582"/>
			<size left="51.5" top="112" width="319.5" height="319"/>
			<src>{{cardcode_image}}</src>
		</image>
		<!-- 中间图镀膜 -->
		<image index="3">
			<size when="{{rare_type_is_full}}"
				left="0" top ="0" width="421" height="610" />
			<size when="{{image_is_full}}" 
				left="14" top="14" width="393" height="582"/>
			<size when="{{pendulum_nots_small}}" 
				left="29.5" top="105.5" width="363" height="275" />
			<size when="{{pendulum_is_small}}" 
				left="29.5" top="105.5" width="363" height="294" />
			<size when="{{image_is_noframe}}" 
				left="41" top="103" width="339" height="334" />
			<size left="51.5" top="112" width="319.5" height="318" />
			<src>foil/{{cardrare}}.png</src>
			<visible>{{rare_type_is_normal}} == false</visible>
		</image>
		<!-- 卡名背景（透明） -->
		<image index="1">
			<size left="18" top ="25" width="382" height="50"/>
			<src>name.png</src>
			<visible>{{image_is_full}}</visible>
		</image>
		<!-- 效果背景（透明） -->
		<image index="1">
			<size left="23" top ="451" width="373" height="128"/>
			<src>desc.png</src>
			<visible>{{image_is_full}}</visible>
		</image>
		<!-- 分割线（透明） -->
		<image index="1">
			<size left="35" top ="553" width="350" height="1" />
			<src>bar.png</src>
			<visible>{{is_spelltrap}} == false and {{image_is_full}}</visible>
		</image>
		<!-- ATK（透明） -->
		<text index="2">
			<size left="226" top="554" width="56" height="21"/>
			<align>vcenter</align>
			<color>#000000</color>
			<font name="font/MatrixBoldSmallCaps.ttf" style="normal" size="18.5"/>
			<text>ATK/</text>
			<visible>{{is_spelltrap}} == false and {{image_is_full}}</visible>
		</text>
		<!-- DEF（透明） -->
		<text index="2">
			<size left="313" top="554" width="56" height="21"/>
			<align>vcenter</align>
			<color>#000000</color>
			<font name="font/MatrixBoldSmallCaps.ttf" style="normal" size="18.5"/>
			<text>DEF/</text>
			<visible>{{is_spelltrap}} == false and {{image_is_full}}</visible>
		</text>
		<!-- 中间图金边 -->
		<image index="1">
			<size left="45" top="106" width="333" height="331" />
			<src>foil/image.png</src>
			<visible>{{is_pendulum}} == false and {{cardborder_is_gold}} and {{image_is_normal}}</visible>
		</image>
		<!-- P怪边框 镀膜 -->
		<image index="1">
			<size left="20" top="99" width="382" height="485"/>
			<src>pendulum/pendulum_{{pendulum}}.png</src>
			<visible>{{is_pendulum}}</visible>
		</image>
		<!-- P怪边框（金边） 镀膜 -->
		<image index="1">
			<size left="26" top="103.5" width="373" height="476"/>
			<src>foil/pend_{{pendulum}}.png</src>
			<visible>{{is_pendulum}} and {{cardborder_is_gold}}</visible>
		</image>
		<!-- 卡名 -->
		<text index="2" singleline="true" click="cardname">
			<size left="31.5" top="30" width="318" height="36"/>
			<align>vcenter</align>
			<color when="{{has_name_color}}">{{namecolor}}</color>
			<color when="{{card_name_is_white}}">#ffffff</color>
			<color>#000000</color>
			<font name="font/YGODIY_Chinese.ttf" style="normal" size="30"/>
			<text>{{cardname}}</text>
		</text>
		<!-- 属性 -->
		<image index="2" click="cardattr">
			<size left="350" top="29" width="38" height="38"/>
			<src when="'{{cardtype}}' == 'spell'">attribute/spell_cn.png</src>
			<src when="'{{cardtype}}' == 'trap'">attribute/trap_cn.png</src>
			<src>attribute/{{cardattr}}_cn.png</src>
		</image>
		<!-- 等级 -->
		<image index="2" scaleType="FIT_CENTER" click="cardlevel">
			<size left="0" top="75" width="421" height="25"/>
			<src when="{{card_is_syz}}">rank/rank-{{cardlevel}}.png</src>
			<src>level/level-{{cardlevel}}.png</src>
			<visible>{{is_spelltrap}} == false</visible>
		</image>
		<!-- 魔法标志 -->
		<image index="2" scaleType="FIT_CENTER" click="stmark">
			<size left="245" top="75" width="132" height="24"/>
			<src>jpmark/{{stmark}}.png</src>
			<visible>{{is_spelltrap}}</visible>
		</image>
		<!-- 种族/效果/效果/效果 -->
		<layout index="2" type="horizontal" click="cardmonster">
			<size when="{{pendulum_is_big}}"
				left="25" top="475" width="300" height="24"/>
			<size left="25" top="460" width="300" height="24"/>
			<text>
				<align>vcenter</align>
				<color>#000000</color>
				<font name="font/YGODIY_Chinese.ttf" style="normal" size="18"/>
				<text>【</text>
			</text>
			<text>
				<align>vcenter</align>
				<color>#000000</color>
				<font name="font/YGODIY_Chinese.ttf" style="normal" size="18"/>
				<text>{{race}}</text>
			</text>
			<text>
				<align>vcenter</align>
				<color>#000000</color>
				<font name="font/YGODIY_Chinese.ttf" style="normal" size="18"/>
				<text>/{{effect1}}</text>
				<visible>'{{effect1}}' != ''</visible>
			</text>
			<text>
				<align>vcenter</align>
				<color>#000000</color>
				<font name="font/YGODIY_Chinese.ttf" style="normal" size="18"/>
				<text>/{{effect2}}</text>
				<visible>'{{effect2}}' != ''</visible>
			</text>
			<text>
				<align>vcenter</align>
				<color>#000000</color>
				<font name="font/YGODIY_Chinese.ttf" style="normal" size="18"/>
				<text>/{{effect3}}</text>
				<visible>'{{effect3}}' != ''</visible>
			</text>
			<text>
				<align>vcenter</align>
				<color>#000000</color>
				<font name="font/YGODIY_Chinese.ttf" style="normal" size="18"/>
				<text>】</text>
			</text>
			<visible>{{is_spelltrap}} == false</visible>
		</layout>
		<!-- ATK -->
		<text index="2" click="cardatk">
			<size left="262" top="555" width="40" height="19"/>
			<align>right|vcenter</align>
			<color>#000000</color>
			<font when="{{cardatk}} == 0 and '{{cardatk}}' != '0'" 
				name="font/ITCStoneSerif.ttf" style="bold" size="15"/>
			<font name="font/MatrixBoldSmallCaps.ttf" style="normal" size="18.5"/>
			<text>{{cardatk}}</text>
			<visible>{{is_spelltrap}} == false</visible>
		</text>
		<!-- DEF -->
		<text index="2" click="carddef">
			<size left="346" top="555" width="40" height="19"/>
			<align>right|vcenter</align>
			<color>#000000</color>
			<font when="{{carddef}} == 0 and '{{carddef}}' != '0'" 
				name="font/ITCStoneSerif.ttf" style="bold" size="15"/>
			<font name="font/MatrixBoldSmallCaps.ttf" style="normal" size="18.5"/>
			<text>{{carddef}}</text>
			<visible>{{is_spelltrap}} == false</visible>
		</text>
		<!-- P怪 左刻度 -->
		<text index="2" click="cardpleft">
			<size when="{{pendulum_is_big}}" 
				left="31" top="422" width="30" height="36"/>
			<size when="{{pendulum_is_small}}" 
				left="31" top="420" width="30" height="36"/>
			<size 
				left="31" top="413" width="30" height="36"/>
			<align>center</align>
			<color>#000000</color>
			<font name="font/MatrixBoldSmallCaps.ttf" style="normal" size="27"/>
			<text>{{cardpleft}}</text>
			<visible>{{is_pendulum}}</visible>
		</text>
		<!-- P怪 右刻度 -->
		<text index="2" click="cardpright">
			<size when="{{pendulum_is_big}}" 
				left="362" top="422" width="30" height="36"/>
			<size when="{{pendulum_is_small}}" 
				left="362" top="420" width="30" height="36"/>
			<size left="362" top="413" width="30" height="36"/>
			<align>center</align>
			<color>#000000</color>
			<font name="font/MatrixBoldSmallCaps.ttf" style="normal" size="27"/>
			<text>{{cardpright}}</text>
			<visible>{{is_pendulum}}</visible>
		</text>
		<!-- 卡片密码 -->
		<text index="2" singleline="true" click="cardcode">
			<size left="19" top="580" width="60" height="17"/>
			<align>vcenter</align>
			<color when="{{card_is_black}}">#ffffff</color>
			<color>#000000</color>
			<font name="font/ITCStoneSerif.ttf" style="normal" size="11"/>
			<text>{{cardcode}}</text>
		</text>
		<!-- 版权图片 -->
		<image index="2" scaleType="FIT_CENTER" click="cardfoil">
			<size left="224" top="583" width="160" height="10"/>
			<src when="{{card_is_black}}">copyright/{{cardcopy}}1.png</src>
			<src>copyright/{{cardcopy}}0.png</src>
		</image>
		<!-- P怪效果 -->
		<text index="2" line-space-scale="1.0"  singleline="false" click="cardptext" keepWord="false" >
			<size when="{{pendulum_is_small}}"
				left="67" top="405" width="288" height="46"/>
			<size when="{{pendulum_is_big}}"
				left="67" top="388" width="288" height="78"/>
			<size left="67" top="388" width="288" height="63"/>
			<align>left</align>
			<color>#000000</color>
			<font name="font/YGODIY_Chinese.ttf" style="normal" size="13"/>
			<text>{{cardptext}}</text>
			<visible>{{is_pendulum}}</visible>
		</text>
		<!-- 效果-->
		<text index="2" line-space-scale="1.0" singleline="false" click="cardtext"  keepWord="false">
			<size when="{{pendulum_is_big}}"
				left="34.5" top="493" width="353" height="58"/>
			<size when="{{is_spelltrap}}"
				left="34.5" top="461" width="353" height="110"/>
			<size left="34.5" top="480" width="353" height="73"/>
			<align>left</align>
			<color>#000000</color>
			<font when="{{is_spelltrap}}" 
				  name="font/YGODIY_Chinese.ttf" style="normal" size="14"/>
			<font name="font/YGODIY_Chinese.ttf" style="normal" size="13"/>
			<text>{{cardtext}}</text>
		</text>
		<!-- 卡包编号 -->
		<text index="2" singleline="true" click="cardnum">
			<size when="{{is_pendulum}}"
				left="37" top="555" width="140" height="18"/>
			<size left="237" top="436.5" width="140" height="18"/>
			<align  when="{{is_pendulum}}">vcenter</align>
			<align>right|vcenter</align>
			<color when="{{card_is_black}}">#ffffff</color>
			<color>#000000</color>
			<font name="font/ITCStoneSerif.ttf" style="normal" size="12"/>
			<text>{{cardnum}}</text>
		</text>
		<!-- edition -->
		<text index="2" singleline="true" click="edition">
			<size left="78" top="580" width="110" height="16"/>
			<align>left|vcenter</align>
			<color when="{{card_is_black}}">#ffffff</color>
			<color>#000000</color>
			<font name="font/ITCStoneSerif.ttf" style="normal" size="12"/>
			<text>{{edition}}</text>
		</text>
		<!-- 防伪 -->
		<image index="2" click="cardfoil">
			<size left="389" top="576" width="21" height="21"/>
			<src>{{corner}}.png</src>
		</image>
	</layout>
</style>